Nom,Prix,Lien,Description,Avis,Nombre d'avis,Disponibilité,Image
T-Shirt Fitness Homme - 500 Essentials violet néon,2,https://www.decathlon.fr/p/t-shirt-de-fitness-homme-bleu-marine/_/R-p-332540?mc=8773506&c=violet,"Ce t-shirt de fitness homme à manches courtes,190 g/m² est intemporel, vous allez le porter longtemps.",4.7,6071,violet brumeux: Non disponible | jaune vanille: Non disponible | orange kumquat / -: Non disponible | : Non disponible,https://contents.mediadecathlon.com/s1060492/k$d580bca79018f4874201265d7b602832/Decathlon%20logo%20DIGITAL.svg?format=auto
T-shirt Fitness Homme - 100 Sportee Gris,4.99,https://www.decathlon.fr/p/t-shirt-fitness-homme-100-sportee-blanc/_/R-p-303213?mc=960565&c=gris,"Ce t-shirt est le basique parfait. Simple et efficace, il trouve sa place dans votre dressing.",4.5,15266,noir ultra: Non disponible | blanc ultra: Non disponible,https://contents.mediadecathlon.com/s1060492/k$d580bca79018f4874201265d7b602832/Decathlon%20logo%20DIGITAL.svg?format=auto
T-SHIRT DE FITNESS SOFT TRAINING ADIDAS HOMME NOIR,29.99,https://www.decathlon.fr/p/t-shirt-de-fitness-soft-training-adidas-homme-noir/_/R-p-X8877737?mc=8877737,Conçu pour t'accompagner tout au long de la journée.,4.9,73,Non disponible,https://contents.mediadecathlon.com/s1060492/k$d580bca79018f4874201265d7b602832/Decathlon%20logo%20DIGITAL.svg?format=auto
"T-shirt en coton à manches courtes homme, bleu",14.99,https://www.decathlon.fr/p/t-shirt-en-coton-a-manches-courtes-homme-blanc/_/R-p-366034?mc=8944773,"T-shirt en coton doux, parfait pour le sport ou les moments décontractés. Sa coupe vous assure un confort quotidien.",5.0,4,: Non disponible | : Non disponible | : Non disponible,https://contents.mediadecathlon.com/s1060492/k$d580bca79018f4874201265d7b602832/Decathlon%20logo%20DIGITAL.svg?format=auto
T-shirt de trek voyage manches courtes laine mérinos Homme - TRAVEL 500 gris,24.99,https://www.decathlon.fr/p/t-shirt-de-trek-voyage-manches-courtes-laine-merinos-homme-travel-500-bleu/_/R-p-106265?mc=8789726&c=gris,Un T-shirt composé de laine mérinos pour vous permettre de parcourir le monde à pied en toute sérénité pendant plusieurs semaines.,4.6,2439,jaune ocre / -: Non disponible | bleu abysse: Non disponible | blanc coton: Non disponible | : Non disponible,https://contents.mediadecathlon.com/s1060492/k$d580bca79018f4874201265d7b602832/Decathlon%20logo%20DIGITAL.svg?format=auto
"T-shirt de fitness homme, rouge",29.99,https://www.decathlon.fr/p/t-shirt-de-fitness-homme-noir/_/R-p-365713?mc=8944450,"Pensé pour un usage polyvalent, alliant confort et liberté de mouvement en toutes occasions.",5.0,2,: Non disponible | : Non disponible | : Non disponible | : Non disponible,https://contents.mediadecathlon.com/s1060492/k$d580bca79018f4874201265d7b602832/Decathlon%20logo%20DIGITAL.svg?format=auto
"T-shirt de fitness en coton pour homme, gris",24.99,https://www.decathlon.fr/p/t-shirt-de-fitness-en-coton-pour-homme-noir/_/R-p-366101?mc=8944812,"Conçu pour le confort tout au long de la journée, au sport comme au repos.",Non disponible,Non disponible,: Non disponible | : Non disponible | : Non disponible,https://contents.mediadecathlon.com/s1060492/k$d580bca79018f4874201265d7b602832/Decathlon%20logo%20DIGITAL.svg?format=auto
T-shirt 100% laine mérinos manche longue - mt500 - homme,54.99,https://www.decathlon.fr/p/t-shirt-100percent-laine-merinos-manche-longue-mt500-homme/_/R-p-11829?mc=8670229&c=noir,"Notre équipe, passionnée de trekking en montagne, a développé ce T-shirt mérinos pour vous permettre de trekker sans vous soucier des odeurs de transpiration.",4.5,364,bleu abysse: Non disponible,https://contents.mediadecathlon.com/s1060492/k$d580bca79018f4874201265d7b602832/Decathlon%20logo%20DIGITAL.svg?format=auto
T-SHIRT DE FITNESS CARDIO ADIDAS HOMME BLEU,19.99,https://www.decathlon.fr/p/t-shirt-de-fitness-cardio-adidas-homme-bleu/_/R-p-X8809210?mc=8809210,Conçu pour la pratique sportive régulière.,4.7,286,Non disponible,https://contents.mediadecathlon.com/s1060492/k$d580bca79018f4874201265d7b602832/Decathlon%20logo%20DIGITAL.svg?format=auto
Top polaire surf 900 Homme manches longues - Noir,19.99,https://www.decathlon.fr/p/top-polaire-surf-900-homme-manches-longues-noir/_/R-p-356360?mc=8901220&c=noir,"Ce top en intérieur polaire est à utiliser seul ou sous une combinaison Néoprène, pour un confort thermique. Durée de session jusqu'a 3 heures.",Non disponible,Non disponible,Non disponible,https://contents.mediadecathlon.com/s1060492/k$d580bca79018f4874201265d7b602832/Decathlon%20logo%20DIGITAL.svg?format=auto
T-shirt Manches Longues Fitness Homme - 100 Noir,9.99,https://www.decathlon.fr/p/t-shirt-fitness-manches-longues-slim-coton-col-rond-homme-gris/_/R-p-332877?mc=8644802&c=noir,Un basique du dressing. Difficile de faire mieux!,4.4,2207,gris fonte: Non disponible | blanc ultra: Non disponible,https://contents.mediadecathlon.com/s1060492/k$d580bca79018f4874201265d7b602832/Decathlon%20logo%20DIGITAL.svg?format=auto
"Tee-shirt de compression col rond homme, turquoise",9,https://www.decathlon.fr/p/t-shirt-de-musculation-compression-manches-courtes-col-rond-homme-violet/_/R-p-311458?mc=8874351&c=bleu_vert,Nos concepteurs passionnés de musculation ont conçu ce Tee shirt compression pour vous permettre d'être à l'aise dans tous vos mouvements.,4.7,1325,rose cendré / rose granit: Non disponible | noir fumé / vert kaki: Non disponible | violet magenta: Non disponible | : Non disponible,https://contents.mediadecathlon.com/s1060492/k$d580bca79018f4874201265d7b602832/Decathlon%20logo%20DIGITAL.svg?format=auto
T-SHIRT DE FITNESS CARDIO ADIDAS HOMME NOIR,19.99,https://www.decathlon.fr/p/t-shirt-de-fitness-cardio-adidas-homme-noir/_/R-p-X8875694?mc=8875694&c=noir,Conçu pour la pratique sportive régulière.,4.8,83,Non disponible,https://contents.mediadecathlon.com/s1060492/k$d580bca79018f4874201265d7b602832/Decathlon%20logo%20DIGITAL.svg?format=auto
T-shirt en coton 100 wildlife,14.99,https://www.decathlon.fr/p/t-shirt-en-coton-100-yukon/_/R-p-364928?mc=8940360&c=noir_marron,"Le t-shirt basique et facile à porter, est conçu pour toutes les activités rurales : chasse, pêche, observation animale, entretien du territoire.",Non disponible,Non disponible,gris carbone / beige cendré: Non disponible,https://contents.mediadecathlon.com/s1060492/k$d580bca79018f4874201265d7b602832/Decathlon%20logo%20DIGITAL.svg?format=auto
T-shirt de running respirant Homme - KIPRUN 100 Dry Bleu,4,https://www.decathlon.fr/p/t-shirt-de-running-respirant-homme-kiprun-100-dry-noir/_/R-p-165437?mc=8666011&c=bleu,Notre équipe de concepteurs a conçu ce t-shirt de running homme respirant afin de vous garder au sec par temps chaud pendant vos sorties course à pied.,4.7,23439,bleu cobalt: Non disponible | blanc ultra: Non disponible | noir fumé: Non disponible | : Non disponible,https://contents.mediadecathlon.com/s1060492/k$d580bca79018f4874201265d7b602832/Decathlon%20logo%20DIGITAL.svg?format=auto
"T-shirt manches courtes 100 % laine mérinos homme, Merino 100% kaki",39.99,https://www.decathlon.fr/p/t-shirt-manches-courtes-100-percent-laine-merinos-homme-merino-100percent-noir/_/R-p-349694?mc=8828332&c=vert,"Composé à 100 % de laine mérinos, ce t-shirt limite l’apparition des odeurs (testé en laboratoire selon l'ISO 17299-3).",4.3,3,noir ultra: Non disponible,https://contents.mediadecathlon.com/s1060492/k$d580bca79018f4874201265d7b602832/Decathlon%20logo%20DIGITAL.svg?format=auto
T-shirt de running manches longues slim Homme - KIPRUN Run 500 Sans couture Bleu,16,https://www.decathlon.fr/p/t-shirt-de-running-manches-longues-slim-homme-kiprun-run-500-sans-couture-gris/_/R-p-307913?mc=8642374&c=bleu,Nos équipes de conception ont développé ce tee shirt manches longues de running hiver homme respirant et proche du corps pour vos sorties course à pied,4.8,1918,orange flamme / rouge flamme: Non disponible | jaune acide fluo / blanc ultra: Non disponible | gris carbone / gris asphalte: Non disponible | : Non disponible,https://contents.mediadecathlon.com/s1060492/k$d580bca79018f4874201265d7b602832/Decathlon%20logo%20DIGITAL.svg?format=auto
"T-shirt de fitness pour homme UA Tech™ 2.0, noir",29.99,https://www.decathlon.fr/p/t-shirt-de-fitness-pour-homme-ua-tech-2-0-noir/_/R-p-X8947074?mc=8947074,"Conçu pour allier confort et performance, grâce à une matière UA Tech™ légère et à séchage rapide, parfaite pour le fitness",Non disponible,Non disponible,Non disponible,https://contents.mediadecathlon.com/s1060492/k$d580bca79018f4874201265d7b602832/Decathlon%20logo%20DIGITAL.svg?format=auto
"T-shirt manches courtes en laine mérinos homme, Merino Resist kaki",34.99,https://www.decathlon.fr/p/t-shirt-manches-courtes-en-laine-merinos-homme-merino-resist-marron/_/R-p-356413?mc=8919504&c=vert,"Résistant, ce t-shirt manches courtes en laine mérinos et polyamide limite l’apparition des odeurs (testé en laboratoire selon l'ISO 17299-3).",5.0,5,gris graphite: Non disponible | marron cuivré / marron terracotta: Non disponible,https://contents.mediadecathlon.com/s1060492/k$d580bca79018f4874201265d7b602832/Decathlon%20logo%20DIGITAL.svg?format=auto
T-shirt de running sans couture homme - kiprun run 500 confort vert acide,19.99,https://www.decathlon.fr/p/t-shirt-de-running-sans-couture-homme-kiprun-run-500-confort-noir/_/R-p-340992?mc=8861690&c=jaune,"Ce t-shirt Seamless (sans couture), doux et aéré sera parfait pour les sorties printanières et estivales.",4.7,607,bleu indigo / bleu acier: Non disponible | vert délicat / vert givré: Non disponible | noir fumé / gris graphite: Non disponible | : Non disponible,https://contents.mediadecathlon.com/s1060492/k$d580bca79018f4874201265d7b602832/Decathlon%20logo%20DIGITAL.svg?format=auto
tee shirt anti uv surf top 100 manches longues homme gris,11.99,https://www.decathlon.fr/p/tee-shirt-anti-uv-surf-top-100-manches-longues-homme-blanc/_/R-p-170216?mc=8611954&c=bleu,"Notre équipe de concepteurs a développé un tee-shirt anti UV particulièrement adapté à la pratique du surf en eau chaude, pour des sessions de moins d'une heure",4.6,1160,blanc ultra: Non disponible,https://contents.mediadecathlon.com/s1060492/k$d580bca79018f4874201265d7b602832/Decathlon%20logo%20DIGITAL.svg?format=auto
T-shirt de running manches longues Homme - KIPRUN Run 500 Sans couture Jaune,24.99,https://www.decathlon.fr/p/t-shirt-de-running-manches-longues-homme-kiprun-run-500-sans-couture-noir/_/R-p-325868?mc=8642372&c=jaune,Nos équipes de conception ont développé ce tee shirt manches longues de running hiver homme respirant pour vos sorties course à pied par temps frais.,4.8,1815,bleu universel / bleu marine: Non disponible | noir fumé / gris graphite: Non disponible | violet bordeaux / violet bordeaux: Non disponible | : Non disponible,https://contents.mediadecathlon.com/s1060492/k$d580bca79018f4874201265d7b602832/Decathlon%20logo%20DIGITAL.svg?format=auto
T-shirt de padel manches courtes technique homme - kuikma 900 Gris Noir,21.99,https://www.decathlon.fr/p/t-shirt-de-padel-manches-courtes-technique-homme-kuikma-900-bleu-clair/_/R-p-312326?mc=8883395&c=noir_gris,Le t-shirt technique Kiukma 900 vous offrira une grande liberté de mouvement et confort. N'hésitez pas et habillez-vous comme un pro pour aller sur le terrain.,4.7,137,bleu cendré / noir fumé: Non disponible | bleu glacier / bleu délicat: Non disponible | violet hortensia: Non disponible | : Non disponible,https://contents.mediadecathlon.com/s1060492/k$d580bca79018f4874201265d7b602832/Decathlon%20logo%20DIGITAL.svg?format=auto
T-shirt manches longues de trekking en laine mérinos - MT900 -Homme,69.99,https://www.decathlon.fr/p/t-shirt-manches-longues-de-trekking-en-laine-merinos-mt900-homme/_/R-p-324215?mc=8609386&c=bleu,"Notre équipe, passionnée de trekking en montagne, a développé ce T-shirt parfaitement adapté à un usage par temps froid grâce à l'utilisation de laine mérinos !",4.7,789,vert olive doré: Non disponible | jaune argile / jaune miel: Non disponible,https://contents.mediadecathlon.com/s1060492/k$d580bca79018f4874201265d7b602832/Decathlon%20logo%20DIGITAL.svg?format=auto
T-SHIRT RESISTANT 100 VERT,9.99,https://www.decathlon.fr/p/t-shirt-resistant-100-marron/_/R-p-338195?mc=8734911&c=vert,"Conçu pour toutes les activités rurales : chasse, pêche, observation animale, entretien du territoire.",4.7,779,gris carbone: Non disponible | marron ébène: Non disponible,https://contents.mediadecathlon.com/s1060492/k$d580bca79018f4874201265d7b602832/Decathlon%20logo%20DIGITAL.svg?format=auto
Tee-shirt de pêche Anti-UV 500 Capuche Bleu,19.99,https://www.decathlon.fr/p/tee-shirt-de-peche-anti-uv-500-capuche-upf-50-vert/_/R-p-329166?mc=8735026&c=bleu,Nos concepteurs pêcheurs ont développé ce tee-shirt avec capuche pour vous permettre de pêcher par temps ensoleillé complètement protégé.,4.8,295,gris lunaire: Non disponible | vert sauge: Non disponible,https://contents.mediadecathlon.com/s1060492/k$d580bca79018f4874201265d7b602832/Decathlon%20logo%20DIGITAL.svg?format=auto
T-shirt laine mérinos de trek voyage - TRAVEL 500 manches longues kaki homme,23.99,https://www.decathlon.fr/p/tee-shirt-manches-longues-travel-500-wool-homme-gris/_/R-p-4523?mc=8504629&c=gris,Nos concepteurs backpackers ont conçu ce tee-shirt pour vous permettre de parcourir le monde en toute sérénité et dans tous les environnements.,4.7,708,bleu abysse: Non disponible,https://contents.mediadecathlon.com/s1060492/k$d580bca79018f4874201265d7b602832/Decathlon%20logo%20DIGITAL.svg?format=auto
T-shirt de surf manches courtes UPF50+ Homme - Whiteflower blanc,9.99,https://www.decathlon.fr/p/tee-shirt-anti-uv-manches-courtes-homme-print-gris/_/R-p-345406?mc=8919067,Ce t-shirt anti UV adapté à la pratique du surf en eau chaude vous accompagnera aussi bien dans que hors de l'eau avec sa coupe ample et son imprimé,4.8,847,vert Kaki cendré: Non disponible | noir: Non disponible | gris fonce: Non disponible | : Non disponible,https://contents.mediadecathlon.com/s1060492/k$d580bca79018f4874201265d7b602832/Decathlon%20logo%20DIGITAL.svg?format=auto
WATER TEE SHIRT top anti UV surf Manches Longues Homme Blue,9.99,https://www.decathlon.fr/p/water-tee-shirt-top-anti-uv-surf-manches-longues-homme-blue/_/R-p-341224?mc=8787799&c=bleu,"Notre équipe de concepteurs a développé un tee-shirt anti UV particulièrement adapté à la pratique du surf en eau chaude, pour des sessions de moins d'une heure",4.7,269,Non disponible,https://contents.mediadecathlon.com/s1060492/k$d580bca79018f4874201265d7b602832/Decathlon%20logo%20DIGITAL.svg?format=auto
T-shirt de fitness essentiel respirant col rond homme - bleu chiné,3.99,https://www.decathlon.fr/p/ts-100-shirt-basic-cardio-trng/_/R-p-302873?mc=8603263&c=blanc_bleu,Nos équipes de conception ont développé avec amour ce tee shirt de fitness pour qu’il vous accompagne dans vos premiers pas… Et même plus!,4.7,9428,gris comète / gris ardoise: Non disponible | noir fumé: Non disponible | blanc ultra / -: Non disponible,https://contents.mediadecathlon.com/s1060492/k$d580bca79018f4874201265d7b602832/Decathlon%20logo%20DIGITAL.svg?format=auto
tee shirt de surf manches longues UPF50+ homme - flower blanc,11.99,https://www.decathlon.fr/p/tee-shirt-de-surf-manches-longues-upf50-homme-flower-blanc/_/R-p-365654?mc=8943136&c=blanc,"Ce tee-shirt anti UV est particulièrement adapté à la pratique du surf en eau chaude, pour des sessions de moins d'une heure",Non disponible,Non disponible,Non disponible,https://contents.mediadecathlon.com/s1060492/k$d580bca79018f4874201265d7b602832/Decathlon%20logo%20DIGITAL.svg?format=auto
T-shirt tennis manches courtes homme - Artengo DRY violet Gaël Monfils,9,https://www.decathlon.fr/p/t-shirt-tennis-manches-courtes-homme-artengo-dry-vert-de-gris-gael-monfils/_/R-p-340848?mc=8841672&c=violet,Nos concepteurs ont conçu ce t-shirt de tennis pour les joueurs à la recherche d'un haut respirant pour jouer toute l'année.,4.8,952,violet nuit: Non disponible | mauve: Non disponible | orange abricot: Non disponible | : Non disponible,https://contents.mediadecathlon.com/s1060492/k$d580bca79018f4874201265d7b602832/Decathlon%20logo%20DIGITAL.svg?format=auto
WATER TEE SHIRT top anti UV surf Manches Courtes Homme Noir,7.99,https://www.decathlon.fr/p/water-tee-shirt-top-anti-uv-surf-manches-courtes-homme-blanc/_/R-p-342022?mc=8787286&c=noir,"Notre équipe de concepteurs a développé un tee-shirt anti UV particulièrement adapté à la pratique du surf en eau chaude, pour des sessions de moins d'une heure",4.7,689,non teint: Non disponible,https://contents.mediadecathlon.com/s1060492/k$d580bca79018f4874201265d7b602832/Decathlon%20logo%20DIGITAL.svg?format=auto
T-shirt everlast manches courtes -gris 25,14.99,https://www.decathlon.fr/p/t-shirt-everlast-manches-courtes-gris-25/_/R-p-364542?mc=8939380,Pour le pratiquant de boxe recherchant un t-shirt de la célèbre marque des champions!,Non disponible,Non disponible,Non disponible,https://contents.mediadecathlon.com/s1060492/k$d580bca79018f4874201265d7b602832/Decathlon%20logo%20DIGITAL.svg?format=auto
T-shirt de running respirant Homme - KIPRUN Run 500 Dry + Graph Lin,8,https://www.decathlon.fr/p/t-shirt-de-running-respirant-homme-kiprun-run-500-dry-graph-lin/_/R-p-344047?mc=8841440&c=beige_blanc,"Nos concepteurs ont imaginé ce T-shirt de running homme, respirant et doux, pour rendre votre footing quotidien par temps chaud plus agréable et stylé.",4.6,60,Non disponible,https://contents.mediadecathlon.com/s1060492/k$d580bca79018f4874201265d7b602832/Decathlon%20logo%20DIGITAL.svg?format=auto
T-SHIRT NH100 MARRON H,9.99,https://www.decathlon.fr/p/t-shirt-nh100-gris-h/_/R-p-349961?mc=8928213&c=marron,Notre équipe a développé ce T-shirt en coton pour toutes vos balades en nature.,4.7,171,vert / bleu: Non disponible | vert / bleu / bleu: Non disponible | noir: Non disponible | : Non disponible,https://contents.mediadecathlon.com/s1060492/k$d580bca79018f4874201265d7b602832/Decathlon%20logo%20DIGITAL.svg?format=auto
"T-shirt de fitness pour homme, imprimé camouflage, vert",34.99,https://www.decathlon.fr/p/t-shirt-de-fitness-pour-homme-imprime-camouflage-vert/_/R-p-366001?mc=8944528,T-shirt polyvalent conçu pour allier performance sportive et confort résistant tout au long de la journée,Non disponible,Non disponible,Non disponible,https://contents.mediadecathlon.com/s1060492/k$d580bca79018f4874201265d7b602832/Decathlon%20logo%20DIGITAL.svg?format=auto
T-SHIRT / MAILLOT BASKETBALL HOMME/FEMME - TS500 FAST GRIS,6,https://www.decathlon.fr/p/t-shirt-maillot-basketball-homme-femme-ts500-fast-noir/_/R-p-5604?mc=8669553&c=incolore_gris,Nos concepteurs basketteurs ont développé ce T-shirt pour la pratique du Basketball à l'entraînement et en extérieur sur playground.,4.8,2093,gris tempête: Non disponible | blanc ultra / -: Non disponible | noir / multicolore: Non disponible | : Non disponible,https://contents.mediadecathlon.com/s1060492/k$d580bca79018f4874201265d7b602832/Decathlon%20logo%20DIGITAL.svg?format=auto
Tee shirt anti uv manches courtes homme - 100 kaki,9.99,https://www.decathlon.fr/p/tee-shirt-anti-uv-manches-courtes-homme-100-rouge/_/R-p-164714?mc=8852470&c=vert,"Ce tee shirt anti UV vous accompagne dans votre pratique du surf ou d'autres activités sportives en eau chaude, pour des sessions de moins d'une heure",4.7,1287,orange flamme fluo: Non disponible | gris graphite: Non disponible | bleu de prusse: Non disponible | : Non disponible,https://contents.mediadecathlon.com/s1060492/k$d580bca79018f4874201265d7b602832/Decathlon%20logo%20DIGITAL.svg?format=auto
Marinière homme manches longues Sailing 100 Blanc bleu,19.99,https://www.decathlon.fr/p/mariniere-homme-manches-longues-sailing-100-bleu-blanc/_/R-p-333839?mc=8647699&c=blanc_bleu,Nos concepteurs navigateurs ont développé cette marinière homme manches longues pour vos navigations par temps doux.,4.7,496,bleu noir / blanc ultra: Non disponible,https://contents.mediadecathlon.com/s1060492/k$d580bca79018f4874201265d7b602832/Decathlon%20logo%20DIGITAL.svg?format=auto
